occurrence_index,section,flag_heading,flag_name_cli,restart_needed_badge,master_tserver_match_badge,other_badges_or_notes,default_documented,required_documented,description_excerpt,source_path
1,General flags,--version,--version,no,no,,,no,"Shows version and build information, then exits.",docs/content/stable/reference/configuration/yb-master.md
1,General flags,--flagfile,--flagfile,yes,no,,,no,Specifies the configuration file to load flags from.,docs/content/stable/reference/configuration/yb-master.md
1,General flags,--master_addresses,--master_addresses,yes,no,,127.0.0.1:7100,yes,Default: '127.0.0.1:7100' Specifies a comma-separated list of all RPC addresses for YB-Master consensus-configuration. The number of comma-separated values should match the total number of YB-Master server (or the replication factor). Required.,docs/content/stable/reference/configuration/yb-master.md
1,General flags,--fs_data_dirs,--fs_data_dirs,yes,no,,,yes,"Specifies a comma-separated list of mount directories, where yb-master will add a 'yb-data/master' data directory, 'master.err', 'master.out', and 'pg_data' directory. Required. Changing the value of this flag after the cluster has already been created is not supported.",docs/content/stable/reference/configuration/yb-master.md
1,General flags,--fs_wal_dirs,--fs_wal_dirs,yes,yes,,Same value as `--fs_data_dirs`,no,"Default: Same value as '--fs_data_dirs' Specifies a comma-separated list of directories, where yb-master will store write-ahead (WAL) logs. This can be the same as one of the directories listed in '--fs_data_dirs', but not a subdirectory of a data directory.",docs/content/stable/reference/configuration/yb-master.md
1,General flags,--rpc_bind_addresses,--rpc_bind_addresses,yes,no,,"Private IP address of the host on which the server is running, as defined in `/home/yugabyte/master/conf/server.conf`. For example:",no,"Specifies the comma-separated list of the network interface addresses to which to bind for RPC connections. The values used must match on all yb-master and yb-tserver configurations. Default: Private IP address of the host on which the server is running, as defined in '/home/yugabyte/master/conf/server.conf'. For example: Make sure that the 'server_broadcast_addresses' flag is set correctly if the following applies: - 'rpc_bind_addresses' is set to '0.0.0.0' - 'rpc_bind_addresses' involves public IP addresses such as, for example, '0.0.0.0:7100', which instructs the server to listen on all available network interfaces.",docs/content/stable/reference/configuration/yb-master.md
1,General flags,--server_broadcast_addresses,--server_broadcast_addresses,yes,no,,"""""",no,"Default: '""""' Specifies the public IP or DNS hostname of the server (with an optional port). This value is used by servers to communicate with one another, depending on the connection policy parameter.",docs/content/stable/reference/configuration/yb-master.md
1,General flags,--dns_cache_expiration_ms,--dns_cache_expiration_ms,no,yes,,`60000` (1 minute),no,"Default: '60000' (1 minute) Specifies the duration, in milliseconds, until a cached DNS resolution expires. When hostnames are used instead of IP addresses, a DNS resolver must be queried to match hostnames to IP addresses. By using a local DNS cache to temporarily store DNS lookups, DNS queries can be resolved quicker and additional queries can be avoided. This reduces latency, improves load times, and reduces bandwidth and CPU consumption. If this value is changed from the default, make sure to add the same value to all YB-Master and YB-TSever configurations.",docs/content/stable/reference/configuration/yb-master.md
1,General flags,--use_private_ip,--use_private_ip,yes,no,,never,no,"Default: 'never' Specifies the policy that determines when to use private IP addresses for inter-node communication. Possible values are 'never', 'zone', 'cloud', and 'region'. Based on the values of the geo-distribution flags. Valid values for the policy are: - 'never' — Always use the '--server_broadcast_addresses'. - 'zone' — Use the private IP inside a zone; use the '--server_broadcast_addresses' outside the zone. - 'region' — Use the private IP address across all zone in a region; use '--server_broadcast_addresses' outside the region.",docs/content/stable/reference/configuration/yb-master.md
1,General flags,--webserver_interface,--webserver_interface,yes,no,,"`""""` (empty; the web UI binds to the first host IP from [`--rpc_bind_addresses`](#rpc-bind-addresses))",no,"Default: '""""' (empty; the web UI binds to the first host IP from '--rpc_bind_addresses') Specifies the bind address for web server user interface access.",docs/content/stable/reference/configuration/yb-master.md
1,General flags,--webserver_port,--webserver_port,yes,no,,7000,no,Default: '7000' Specifies the web server monitoring port.,docs/content/stable/reference/configuration/yb-master.md
1,General flags,--webserver_doc_root,--webserver_doc_root,yes,no,,The `www` directory in the YugabyteDB home directory.,no,Default: The 'www' directory in the YugabyteDB home directory. Monitoring web server home.,docs/content/stable/reference/configuration/yb-master.md
1,General flags,--webserver_certificate_file,--webserver_certificate_file,yes,no,,"""""",no,"Default: '""""' Location of the SSL certificate file (in .pem format) to use for the web server. If empty, SSL is not enabled for the web server.",docs/content/stable/reference/configuration/yb-master.md
1,General flags,--webserver_authentication_domain,--webserver_authentication_domain,yes,no,,"""""",no,"Default: '""""' Domain used for .htpasswd authentication. This should be used in conjunction with '--webserver_password_file'.",docs/content/stable/reference/configuration/yb-master.md
1,General flags,--webserver_password_file,--webserver_password_file,yes,no,,"""""",no,"Default: '""""' Location of .htpasswd file containing usernames and hashed passwords, for authentication to the web server.",docs/content/stable/reference/configuration/yb-master.md
1,General flags,--defer_index_backfill,--defer_index_backfill,no,no,,false,no,"If enabled, YB-Master avoids launching any new index-backfill jobs on the cluster for all new YCQL indexes. You will need to run 'yb-admin backfill_indexes_for_table' manually for indexes to be functional. See 'CREATE DEFERRED INDEX' for reference. Default: 'false'",docs/content/stable/reference/configuration/yb-master.md
1,General flags,--allow_batching_non_deferred_indexes,--allow_batching_non_deferred_indexes,no,no,,true,no,"If enabled, indexes on the same (YCQL) table may be batched together during backfill, even if they were not deferred. Default: 'true'",docs/content/stable/reference/configuration/yb-master.md
1,General flags,--time_source,--time_source,yes,no,,"""""",no,"Default: '""""' Specifies the time source used by the database. Set this to 'clockbound' for configuring a highly accurate time source. Using 'clockbound' requires system configuration.",docs/content/stable/reference/configuration/yb-master.md
1,YSQL flags,--enable_ysql,--enable_ysql,no,yes,,true,no,Default: 'true' Enables the YSQL API when value is 'true'. Ensure that 'enable_ysql' values in yb-master configurations match the values in yb-tserver configurations.,docs/content/stable/reference/configuration/yb-master.md
1,YSQL flags,--enable_pg_cron,--enable_pg_cron,yes,yes,,false,no,Default: 'false' Set this flag to true on all YB-Masters and YB-TServers to add the pg_cron extension.,docs/content/stable/reference/configuration/yb-master.md
1,YSQL flags,--ysql_follower_reads_avoid_waiting_for_safe_time,--ysql_follower_reads_avoid_waiting_for_safe_time,no,no,,true,no,"Controls whether YSQL follower reads that specify a not-yet-safe read time should be rejected. This will force them to go to the leader, which will likely be faster than waiting for safe time to catch up. Default: 'true'",docs/content/stable/reference/configuration/yb-master.md
1,YSQL flags,--master_ysql_operation_lease_ttl_ms,--master_ysql_operation_lease_ttl_ms,no,no,,`5 * 60 * 1000` (5 minutes),no,Default: '5 * 60 * 1000' (5 minutes) Specifies base YSQL lease Time-To-Live (TTL). The YB-Master leader uses this value to determine the validity of a YB-TServer's YSQL lease. Refer to YSQL lease mechanism for more details.,docs/content/stable/reference/configuration/yb-master.md
1,YSQL flags,--ysql_operation_lease_ttl_client_buffer_ms,--ysql_operation_lease_ttl_client_buffer_ms,no,no,,2000 (2 seconds),no,Default: 2000 (2 seconds) Specifies a client-side buffer for the YSQL operation lease TTL. Refer to YSQL lease mechanism for more details.,docs/content/stable/reference/configuration/yb-master.md
1,Logging flags,--colorlogtostderr,--colorlogtostderr,no,no,,false,no,Default: 'false' Color messages logged to 'stderr' (if supported by terminal).,docs/content/stable/reference/configuration/yb-master.md
1,Logging flags,--logbuflevel,--logbuflevel,no,no,,1,no,Buffer log messages logged at this level (or lower). Valid values: '-1' (don't buffer); '0' (INFO); '1' (WARN); '2' (ERROR); '3' (FATAL) Default: '1',docs/content/stable/reference/configuration/yb-master.md
1,Logging flags,--logbufsecs,--logbufsecs,no,no,,30,no,Buffer log messages for at most this many seconds. Default: '30',docs/content/stable/reference/configuration/yb-master.md
1,Logging flags,--logtostderr,--logtostderr,no,no,,false,no,Write log messages to 'stderr' instead of 'logfiles'. Default: 'false',docs/content/stable/reference/configuration/yb-master.md
1,Logging flags,--log_dir,--log_dir,yes,no,,Same as [`--fs_data_dirs`](#fs-data-dirs),no,Default: Same as '--fs_data_dirs' The directory to write YB-Master log files.,docs/content/stable/reference/configuration/yb-master.md
1,Logging flags,--log_link,--log_link,no,no,,"""""",no,"Put additional links to the log files in this directory. Default: '""""'",docs/content/stable/reference/configuration/yb-master.md
1,Logging flags,--log_prefix,--log_prefix,no,no,,true,no,Prepend the log prefix to each log line. Default:  'true',docs/content/stable/reference/configuration/yb-master.md
1,Logging flags,--max_log_size,--max_log_size,no,no,,`1800` (1.8 GB),no,"The maximum log size, in megabytes (MB). A value of '0' will be silently overridden to '1'. Default: '1800' (1.8 GB)",docs/content/stable/reference/configuration/yb-master.md
1,Logging flags,--minloglevel,--minloglevel,no,no,,`0` (INFO),no,"The minimum level to log messages. Values are: '0' (INFO), '1' (WARN), '2' (ERROR), '3' (FATAL). Default: '0' (INFO)",docs/content/stable/reference/configuration/yb-master.md
1,Logging flags,--stderrthreshold,--stderrthreshold,no,no,,3,no,"Log messages at, or above, this level are copied to 'stderr' in addition to log files. Default: '3'",docs/content/stable/reference/configuration/yb-master.md
1,Logging flags,--callhome_enabled,--callhome_enabled,no,no,,true,no,Disable callhome diagnostics. Default: 'true',docs/content/stable/reference/configuration/yb-master.md
1,Memory division flags,--use_memory_defaults_optimized_for_ysql,--use_memory_defaults_optimized_for_ysql,yes,no,,"`false`. When creating a new universe using yugabyted or YugabyteDB Anywhere, the flag is set to `true`.",no,"Default: 'false'. When creating a new universe using yugabyted or YugabyteDB Anywhere, the flag is set to 'true'. If true, the defaults for the memory division settings take into account the amount of RAM and cores available and are optimized for using YSQL. If false, the defaults will be the old defaults, which are more suitable for YCQL but do not take into account the amount of RAM and cores available. For information on how memory is divided among processes when this flag is set, refer to Memory division defaults. Note that in general these flags will have different values for TServer and Master processes.",docs/content/stable/reference/configuration/yb-master.md
1,Memory division flags,--memory_limit_hard_bytes,--memory_limit_hard_bytes,yes,no,,0,no,"Default: '0' Maximum amount of memory this process should use in bytes, that is, its hard memory limit.  A value of '0' specifies to instead use a percentage of the total system memory; see --default_memory_limit_to_ram_ratio for the percentage used.  A value of '-1' disables all memory limiting. For Kubernetes deployments, this flag is automatically set from the Kubernetes pod memory limits specified in the Helm chart configuration. See Memory limits for Kubernetes deployments for details.",docs/content/stable/reference/configuration/yb-master.md
1,Memory division flags,--default_memory_limit_to_ram_ratio,--default_memory_limit_to_ram_ratio,yes,no,,`-1000` (use the built-in default ratio; commonly `0.10` when [--use_memory_defaults_optimized_for_ysql](#use-memory-defaults-optimized-for-ysql) is false).,no,"Default: '-1000' (use the built-in default ratio; commonly '0.10' when --use_memory_defaults_optimized_for_ysql is false). The percentage of available RAM to use for this process if --memory_limit_hard_bytes is '0'. The special value '-1000' selects that built-in default. Available RAM excludes memory reserved by the kernel. This flag does not apply to Kubernetes universes. Memory limits are controlled via Kubernetes resource specifications in the Helm chart, and '--memory_limit_hard_bytes' is automatically set from those limits. See Memory limits for Kubernetes deployments for details. These settings control the division of memory available to the Master process.",docs/content/stable/reference/configuration/yb-master.md
1,Memory division flags,--db_block_cache_size_bytes,--db_block_cache_size_bytes,no,no,,-1,no,Size of the shared RocksDB block cache (in bytes).  A value of '-1' specifies to instead use a percentage of this processes' hard memory limit; see --db_block_cache_size_percentage for the percentage used.  A value of '-2' disables the block cache. Default: '-1',docs/content/stable/reference/configuration/yb-master.md
1,Memory division flags,--db_block_cache_size_percentage,--db_block_cache_size_percentage,no,no,,`-1000` (use the built-in default percentage; commonly `25` when [--use_memory_defaults_optimized_for_ysql](#use-memory-defaults-optimized-for-ysql) is false).,no,Percentage of the process' hard memory limit to use for the shared RocksDB block cache if '--db_block_cache_size_bytes' is '-1'. The special value '-1000' means to use the built-in default for this flag. The special value '-3' means to use an older default that does not take the amount of RAM into account. Default: '-1000' (use the built-in default percentage; commonly '25' when --use_memory_defaults_optimized_for_ysql is false).,docs/content/stable/reference/configuration/yb-master.md
1,Memory division flags,--tablet_overhead_size_percentage,--tablet_overhead_size_percentage,no,no,,`-1000` (use the built-in recommended value; commonly `0` when [--use_memory_defaults_optimized_for_ysql](#use-memory-defaults-optimized-for-ysql) is false).,no,Percentage of the process' hard memory limit to use for tablet-related overheads. A value of '0' means no limit.  Must be between '0' and '100' inclusive. Exception: '-1000' specifies to instead use the default value for this flag. Each tablet replica generally requires 700 MiB of this memory. Default: '-1000' (use the built-in recommended value; commonly '0' when --use_memory_defaults_optimized_for_ysql is false).,docs/content/stable/reference/configuration/yb-master.md
1,Raft flags,--follower_unavailable_considered_failed_sec,--follower_unavailable_considered_failed_sec,no,no,,`7200` (2 hours),no,"Default: '7200' (2 hours) The duration, in seconds, after which a follower is considered to be failed because the leader has not received a heartbeat. The '--follower_unavailable_considered_failed_sec' value should match the value for '--log_min_seconds_to_retain'.",docs/content/stable/reference/configuration/yb-master.md
1,Raft flags,--evict_failed_followers,--evict_failed_followers,yes,no,,false,no,Default: 'false' Failed followers will be evicted from the Raft group and the data will be re-replicated. Note that it is not recommended to set the flag to true for Masters as you cannot automatically recover a failed Master once it is evicted.,docs/content/stable/reference/configuration/yb-master.md
1,Raft flags,--leader_failure_max_missed_heartbeat_periods,--leader_failure_max_missed_heartbeat_periods,yes,no,,6,no,"Default: '6' The maximum heartbeat periods that the leader can fail to heartbeat in before the leader is considered to be failed. The total failure timeout, in milliseconds, is '--raft_heartbeat_interval_ms' multiplied by '--leader_failure_max_missed_heartbeat_periods'. For read replica clusters, set the value to '10' in all yb-tserver and yb-master configurations.  Because the data is globally replicated, RPC latencies are higher. Use this flag to increase the failure detection interval in such a higher RPC latency deployment.",docs/content/stable/reference/configuration/yb-master.md
1,Raft flags,--leader_lease_duration_ms,--leader_lease_duration_ms,no,no,,2000,no,"The leader lease duration, in milliseconds. A leader keeps establishing a new lease or extending the existing one with every consensus update. A new server is not allowed to serve as a leader (that is, serve up-to-date read requests or acknowledge write requests) until a lease of this duration has definitely expired on the old leader's side, or the old leader has explicitly acknowledged the new leader's lease. This lease allows the leader to safely serve reads for the duration of its lease, even during a network partition. For more information, refer to Leader leases. Leader lease duration should be longer than the heartbeat interval, and less than the multiple of '--leader_failure_max_missed_heartbeat_periods' multiplied by '--raft_heartbeat_interval_ms'.",docs/content/stable/reference/configuration/yb-master.md
1,Raft flags,--raft_heartbeat_interval_ms,--raft_heartbeat_interval_ms,yes,no,,500,no,"Default: '500' The heartbeat interval, in milliseconds, for Raft replication. The leader produces heartbeats to followers at this interval. The followers expect a heartbeat at this interval and consider a leader to have failed if it misses several in a row. Ensure that values used for the write ahead log (WAL) in yb-master configurations match the values in yb-tserver configurations.",docs/content/stable/reference/configuration/yb-master.md
2,Raft flags,--fs_wal_dirs,--fs_wal_dirs,yes,yes,,The same as `--fs_data_dirs`,no,"Default: The same as '--fs_data_dirs' The directory where the yb-master retains WAL files. May be the same as one of the directories listed in '--fs_data_dirs', but not a subdirectory of a data directory.",docs/content/stable/reference/configuration/yb-master.md
1,Raft flags,--durable_wal_write,--durable_wal_write,yes,no,,true,no,"Default: 'true' If set to 'false', the writes to the WAL are synced to disk every 'interval_durable_wal_write_ms' milliseconds (ms) or every 'bytes_durable_wal_write_mb' megabyte (MB), whichever comes first. Using 'false' is recommended only for multi-AZ or multi-region deployments where the availability zones (AZs) or regions are independent failure domains and there is not a risk of correlated power loss. For single-AZ deployments, keep this flag 'true'.",docs/content/stable/reference/configuration/yb-master.md
1,Raft flags,--interval_durable_wal_write_ms,--interval_durable_wal_write_ms,yes,no,,1000,no,"Default: '1000' When '--durable_wal_write' is false, writes to the WAL are synced to disk every '--interval_durable_wal_write_ms' or '--bytes_durable_wal_write_mb', whichever comes first.",docs/content/stable/reference/configuration/yb-master.md
1,Raft flags,--bytes_durable_wal_write_mb,--bytes_durable_wal_write_mb,yes,no,,1,no,"Default: '1' When '--durable_wal_write' is 'false', writes to the WAL are synced to disk every '--bytes_durable_wal_write_mb' or '--interval_durable_wal_write_ms', whichever comes first.",docs/content/stable/reference/configuration/yb-master.md
1,Raft flags,--log_min_seconds_to_retain,--log_min_seconds_to_retain,no,yes,,`7200` (2 hours),no,"Default: '7200' (2 hours) The minimum duration, in seconds, to retain WAL segments, regardless of durability requirements. WAL segments can be retained for a longer amount of time, if they are necessary for correct restart. This value should be set long enough such that a tablet server which has temporarily failed can be restarted in the given time period. The '--log_min_seconds_to_retain' value should match the value for '--follower_unavailable_considered_failed_sec'.",docs/content/stable/reference/configuration/yb-master.md
1,Raft flags,--log_min_segments_to_retain,--log_min_segments_to_retain,no,yes,,2,no,"Default: '2' The minimum number of WAL segments (files) to retain, regardless of durability requirements. The value must be at least '1'.",docs/content/stable/reference/configuration/yb-master.md
1,Raft flags,--log_segment_size_mb,--log_segment_size_mb,yes,yes,,64,no,"Default: '64' The size, in megabytes (MB), of a WAL segment (file). When the WAL segment reaches the specified size, then a log rollover occurs and a new WAL segment file is created.",docs/content/stable/reference/configuration/yb-master.md
1,Raft flags,--reuse_unclosed_segment_threshold_bytes,--reuse_unclosed_segment_threshold_bytes,no,yes,,"The default value in [v2.18.1](/stable/releases/ybdb-releases/end-of-life/v2.18/#v2.18.1.0) is `-1` - feature is disabled by default. The default value starting from {{<release ""2.19.1"">}} is `524288` (0.5 MB) - feature is enabled by default.",no,"Default: The default value in v2.18.1 is '-1' - feature is disabled by default. The default value starting from {{<release ""2.19.1"">}} is '524288' (0.5 MB) - feature is enabled by default. When the server restarts from a previous crash, if the tablet's last WAL file size is less than or equal to this threshold value, the last WAL file will be reused. Otherwise, WAL will allocate a new file at bootstrap. To disable WAL reuse, set the value to '-1'.",docs/content/stable/reference/configuration/yb-master.md
1,Cluster balancing flags,--enable_load_balancing,--enable_load_balancing,no,no,,true,no,"Enables or disables the cluster balancing algorithm, to move tablets around. Default: 'true'",docs/content/stable/reference/configuration/yb-master.md
1,Cluster balancing flags,--leader_balance_threshold,--leader_balance_threshold,no,no,,0,no,"Specifies the number of leaders per tablet server to balance below. If this is configured to '0' (the default), the leaders will be balanced optimally at extra cost. Default: '0'",docs/content/stable/reference/configuration/yb-master.md
1,Cluster balancing flags,--leader_balance_unresponsive_timeout_ms,--leader_balance_unresponsive_timeout_ms,no,no,,`3000` (3 seconds),no,"Specifies the period of time, in milliseconds, that a YB-Master can go without receiving a heartbeat from a YB-TServer before considering it unresponsive. Unresponsive servers are excluded from leader balancing. Default: '3000' (3 seconds)",docs/content/stable/reference/configuration/yb-master.md
1,Cluster balancing flags,--load_balancer_max_concurrent_adds,--load_balancer_max_concurrent_adds,no,no,,25,no,Specifies the maximum number of tablet peer replicas to add in a cluster balancer operations. Default: '25',docs/content/stable/reference/configuration/yb-master.md
1,Cluster balancing flags,--load_balancer_max_concurrent_moves,--load_balancer_max_concurrent_moves,no,no,,100,no,Specifies the maximum number of tablet leaders on tablet servers (across the cluster) to move in any one run of the cluster balancer. Default: '100',docs/content/stable/reference/configuration/yb-master.md
1,Cluster balancing flags,--load_balancer_max_concurrent_moves_per_table,--load_balancer_max_concurrent_moves_per_table,no,no,,-1,no,"Specifies the maximum number of tablet leaders per table to move in any one run of the cluster balancer. The maximum number of tablet leader moves across the cluster is still limited by the flag 'load_balancer_max_concurrent_moves'. This flag is meant to prevent a single table from using all of the leader moves quota and starving other tables. If set to -1, the number of leader moves per table is set to the global number of leader moves ('load_balancer_max_concurrent_moves'). Default: '-1'",docs/content/stable/reference/configuration/yb-master.md
1,Cluster balancing flags,--load_balancer_max_concurrent_removals,--load_balancer_max_concurrent_removals,no,no,,50,no,Specifies the maximum number of over-replicated tablet peer removals to do in any one run of the cluster balancer. A value less than 0 means no limit. Default: '50',docs/content/stable/reference/configuration/yb-master.md
1,Cluster balancing flags,--load_balancer_max_concurrent_tablet_remote_bootstraps,--load_balancer_max_concurrent_tablet_remote_bootstraps,no,no,,-1,no,Specifies the maximum number of tablets being remote bootstrapped across the cluster. Default: '-1',docs/content/stable/reference/configuration/yb-master.md
1,Cluster balancing flags,--load_balancer_max_concurrent_tablet_remote_bootstraps_per_table,--load_balancer_max_concurrent_tablet_remote_bootstraps_per_table,no,no,,-1,no,Maximum number of tablets being remote bootstrapped for any table. The maximum number of remote bootstraps across the cluster is still limited by the flag 'load_balancer_max_concurrent_tablet_remote_bootstraps'. This flag is meant to prevent a single table use all the available remote bootstrap sessions and starving other tables. Default: '-1',docs/content/stable/reference/configuration/yb-master.md
1,Cluster balancing flags,--load_balancer_max_over_replicated_tablets,--load_balancer_max_over_replicated_tablets,no,no,,50,no,Specifies the maximum number of running tablet replicas per table that are allowed to be over the configured replication factor. This controls the amount of space amplification in the cluster when tablet removal is slow. A value less than 0 means no limit. Default: '50',docs/content/stable/reference/configuration/yb-master.md
1,Cluster balancing flags,--load_balancer_num_idle_runs,--load_balancer_num_idle_runs,no,no,,5,no,Specifies the number of idle runs of load balancer to deem it idle. Default: '5',docs/content/stable/reference/configuration/yb-master.md
1,Cluster balancing flags,--load_balancer_skip_leader_as_remove_victim,--load_balancer_skip_leader_as_remove_victim,no,no,,false,no,Should the LB skip a leader as a possible remove candidate. Default: 'false',docs/content/stable/reference/configuration/yb-master.md
1,Sharding flags,--max_clock_skew_usec,--max_clock_skew_usec,yes,no,,"`500000` (500,000 µs = 500ms)",no,"Default: '500000' (500,000 µs = 500ms) The expected maximum clock skew, in microseconds (µs), between any two servers in your deployment.",docs/content/stable/reference/configuration/yb-master.md
1,Sharding flags,--replication_factor,--replication_factor,no,no,,3,no,"The number of replicas, or copies of data, to store for each tablet in the universe. Default: '3'",docs/content/stable/reference/configuration/yb-master.md
1,Sharding flags,--yb_num_shards_per_tserver,--yb_num_shards_per_tserver,no,yes,,"`-1`, where the number of shards is determined at runtime, as follows:",no,"Default: '-1', where the number of shards is determined at runtime, as follows: The number of shards (tablets) per YB-TServer for each YCQL table when a user table is created. - If enable_automatic_tablet_splitting is 'true' - The default value is considered as '1'. - For servers with 4 CPU cores or less, the number of tablets for each table doesn't depend on the number of YB-TServers. Instead, for 2 CPU cores or less, 1 tablet per cluster is created; for 4 CPU cores or less, 2 tablets per cluster are created. - If 'enable_automatic_tablet_splitting' is 'false' - For servers with up to two CPU cores, the default value is considered as '4'. - For three or more CPU cores, the default value is considered as '8'. Local cluster installations created using yb-ctl and yb-docker-ctl use a default value of '2' for this flag.",docs/content/stable/reference/configuration/yb-master.md
1,Sharding flags,--ysql_num_shards_per_tserver,--ysql_num_shards_per_tserver,no,yes,,"`-1`, where the number of shards is determined at runtime, as follows:",no,"Default: '-1', where the number of shards is determined at runtime, as follows: The number of shards (tablets) per YB-TServer for each YSQL table when a user table is created. - If enable_automatic_tablet_splitting is 'true' - The default value is considered as '1'. - For servers with 4 CPU cores or less, the number of tablets for each table doesn't depend on the number of YB-TServers. Instead, for 2 CPU cores or less, 1 tablet per cluster is created; for 4 CPU cores or less, 2 tablets per cluster are created. - If 'enable_automatic_tablet_splitting' is 'false' - For servers with up to two CPU cores, the default value is considered as '2'. - For servers with three or four CPU cores, the default value is considered as '4'. - Beyond four cores, the default value is considered as '8'.",docs/content/stable/reference/configuration/yb-master.md
1,Sharding flags,--ysql_colocate_database_by_default,--ysql_colocate_database_by_default,yes,no,,false,no,"Default: 'false' When enabled, all databases created in the cluster are colocated by default. If you enable the flag after creating a cluster, you need to restart the YB-Master and YB-TServer services. For more details, see clusters in colocated tables.",docs/content/stable/reference/configuration/yb-master.md
1,Sharding flags,enforce_tablet_replica_limits,enforce_tablet_replica_limits,no,no,,`true`. No limits are enforced if this is false.,no,"Enables/disables blocking of requests which would bring the total number of tablets in the system over a limit. For more information, see Tablet limits. Default: 'true'. No limits are enforced if this is false.",docs/content/stable/reference/configuration/yb-master.md
1,Sharding flags,split_respects_tablet_replica_limits,split_respects_tablet_replica_limits,no,no,,true,no,"If set, tablets will not be split if the total number of tablet replicas in the cluster after the split would exceed the limit after the split. Default: 'true'",docs/content/stable/reference/configuration/yb-master.md
1,Sharding flags,tablet_replicas_per_core_limit,tablet_replicas_per_core_limit,no,no,,`0` for no limit.,no,The number of tablet replicas that each core on a YB-TServer can support. Default: '0' for no limit.,docs/content/stable/reference/configuration/yb-master.md
1,Sharding flags,tablet_replicas_per_gib_limit,tablet_replicas_per_gib_limit,no,no,,1024 * (7/10) (corresponding to an overhead of roughly 700 KiB per tablet),no,The number of tablet replicas that each GiB reserved by YB-TServers for tablet overheads can support. Default: 1024 * (7/10) (corresponding to an overhead of roughly 700 KiB per tablet),docs/content/stable/reference/configuration/yb-master.md
1,Tablet splitting flags,--max_create_tablets_per_ts,--max_create_tablets_per_ts,no,no,,50,no,The maximum number of tablets per tablet server that can be specified when creating a table. This also limits the number of tablets that can be created by tablet splitting. Default: '50',docs/content/stable/reference/configuration/yb-master.md
1,Tablet splitting flags,--enable_automatic_tablet_splitting,--enable_automatic_tablet_splitting,no,yes,,"Auto flag — initial `false`, target `true` (after promotion, behaves as `true`; see [All YB-Master flags](../all-flags-yb-master/) for full metadata)",no,"Default: Auto flag — initial 'false', target 'true' (after promotion, behaves as 'true'; see All YB-Master flags for full metadata) Enables YugabyteDB to automatically split tablets, based on the specified tablet threshold sizes configured below. This value must match on all yb-master and yb-tserver configurations of a YugabyteDB cluster.",docs/content/stable/reference/configuration/yb-master.md
1,Tablet splitting flags,--tablet_split_low_phase_shard_count_per_node,--tablet_split_low_phase_shard_count_per_node,no,no,,1,no,The threshold number of shards (per cluster node) in a table below which automatic tablet splitting will use '--tablet_split_low_phase_size_threshold_bytes' to determine which tablets to split. Default: '1',docs/content/stable/reference/configuration/yb-master.md
1,Tablet splitting flags,--tablet_split_low_phase_size_threshold_bytes,--tablet_split_low_phase_size_threshold_bytes,no,no,,128 MiB,no,"The size threshold used to determine if a tablet should be split when the tablet's table is in the ""low"" phase of automatic tablet splitting. See '--tablet_split_low_phase_shard_count_per_node'. Default: '128 MiB'",docs/content/stable/reference/configuration/yb-master.md
1,Tablet splitting flags,--tablet_split_high_phase_shard_count_per_node,--tablet_split_high_phase_shard_count_per_node,no,no,,24,no,The threshold number of shards (per cluster node) in a table below which automatic tablet splitting will use '--tablet_split_high_phase_size_threshold_bytes' to determine which tablets to split. Default: '24',docs/content/stable/reference/configuration/yb-master.md
1,Tablet splitting flags,--tablet_split_high_phase_size_threshold_bytes,--tablet_split_high_phase_size_threshold_bytes,no,no,,10 GiB,no,"The size threshold used to determine if a tablet should be split when the tablet's table is in the ""high"" phase of automatic tablet splitting. See '--tablet_split_high_phase_shard_count_per_node'. Default: '10 GiB'",docs/content/stable/reference/configuration/yb-master.md
1,Tablet splitting flags,--tablet_force_split_threshold_bytes,--tablet_force_split_threshold_bytes,no,no,,100 GiB,no,"The size threshold used to determine if a tablet should be split even if the table's number of shards puts it past the ""high phase"". Default: '100 GiB'",docs/content/stable/reference/configuration/yb-master.md
1,Tablet splitting flags,--tablet_split_limit_per_table,--tablet_split_limit_per_table,no,no,,0,no,The maximum number of tablets per table for tablet splitting. Limitation is disabled if this value is set to 0. Default: '0',docs/content/stable/reference/configuration/yb-master.md
1,Tablet splitting flags,--index_backfill_tablet_split_completion_timeout_sec,--index_backfill_tablet_split_completion_timeout_sec,no,no,,30,no,Total time to wait for tablet splitting to complete on a table on which a backfill is running before aborting the backfill and marking it as failed. Default: '30',docs/content/stable/reference/configuration/yb-master.md
1,Tablet splitting flags,--index_backfill_tablet_split_completion_poll_freq_ms,--index_backfill_tablet_split_completion_poll_freq_ms,no,no,,2000,no,Delay before retrying to see if tablet splitting has completed on the table on which a backfill is running. Default: '2000',docs/content/stable/reference/configuration/yb-master.md
1,Tablet splitting flags,--process_split_tablet_candidates_interval_msec,--process_split_tablet_candidates_interval_msec,no,no,,0,no,"The minimum time between automatic splitting attempts. The actual splitting time between runs is also affected by 'catalog_manager_bg_task_wait_ms', which controls how long the background tasks thread sleeps at the end of each loop. Default: '0'",docs/content/stable/reference/configuration/yb-master.md
1,Tablet splitting flags,--outstanding_tablet_split_limit,--outstanding_tablet_split_limit,no,no,,0,no,Limits the number of total outstanding tablet splits. Limitation is disabled if value is set to '0'. Limit includes tablets that are performing post-split compactions. Default: '0',docs/content/stable/reference/configuration/yb-master.md
1,Tablet splitting flags,--outstanding_tablet_split_limit_per_tserver,--outstanding_tablet_split_limit_per_tserver,no,no,,1,no,Limits the number of outstanding tablet splits per node. Limitation is disabled if value is set to '0'. Limit includes tablets that are performing post-split compactions. Default: '1',docs/content/stable/reference/configuration/yb-master.md
1,Tablet splitting flags,--enable_tablet_split_of_pitr_tables,--enable_tablet_split_of_pitr_tables,no,no,,true,no,Enables automatic tablet splitting of tables covered by Point-In-Time Recovery schedules. Default: 'true',docs/content/stable/reference/configuration/yb-master.md
1,Tablet splitting flags,--prevent_split_for_ttl_tables_for_seconds,--prevent_split_for_ttl_tables_for_seconds,no,no,,86400,no,Number of seconds between checks for whether to split a tablet with a default TTL. Checks are disabled if this value is set to 0. Default: '86400',docs/content/stable/reference/configuration/yb-master.md
1,Tablet splitting flags,--prevent_split_for_small_key_range_tablets_for_seconds,--prevent_split_for_small_key_range_tablets_for_seconds,no,no,,300,no,Number of seconds between checks for whether to split a tablet whose key range is too small to be split. Checks are disabled if this value is set to 0. Default: '300',docs/content/stable/reference/configuration/yb-master.md
1,Tablet splitting flags,--sort_automatic_tablet_splitting_candidates,--sort_automatic_tablet_splitting_candidates,no,no,,true,no,"Determines whether to sort automatic split candidates from largest to smallest (prioritizing larger tablets for split). Default: 'true' Syntax: - *master-addresses*: Comma-separated list of YB-Master hosts and ports. Default value is 'localhost:7100'. - *bytes*: The threshold size, in bytes, after which tablets should be split. Default value of '0' disables automatic tablet splitting. For details on automatic tablet splitting, see the following: - Automatic tablet splitting — Architecture overview. - Automatic Re-sharding of Data with Tablet Splitting — Architecture design document in the GitHub repository.",docs/content/stable/reference/configuration/yb-master.md
1,Geo-distribution flags,--placement_zone,--placement_zone,yes,no,,rack1,no,"Default: 'rack1' The name of the availability zone (AZ), or rack, where this instance is deployed.",docs/content/stable/reference/configuration/yb-master.md
1,Geo-distribution flags,--placement_region,--placement_region,yes,no,,datacenter1,no,Default: 'datacenter1' Name of the region or data center where this instance is deployed.,docs/content/stable/reference/configuration/yb-master.md
1,Geo-distribution flags,--placement_cloud,--placement_cloud,yes,no,,cloud1,no,Default: 'cloud1' Name of the cloud where this instance is deployed.,docs/content/stable/reference/configuration/yb-master.md
1,Geo-distribution flags,--placement_uuid,--placement_uuid,yes,no,,"""""",no,"Default: '""""' The unique identifier for the cluster.",docs/content/stable/reference/configuration/yb-master.md
2,Geo-distribution flags,--use_private_ip,--use_private_ip,yes,no,,never,no,"Default: 'never' Determines when to use private IP addresses. Possible values are 'never' (default), 'zone', 'cloud', and 'region'. Based on the values of the 'placement_*' configuration flags.",docs/content/stable/reference/configuration/yb-master.md
1,Geo-distribution flags,--auto_create_local_transaction_tables,--auto_create_local_transaction_tables,no,no,,true,no,"If true, transaction tables will be automatically created for any YSQL tablespace which has a placement and at least one other table in it. Default: 'true'",docs/content/stable/reference/configuration/yb-master.md
1,Security flags,--certs_dir,--certs_dir,yes,no,,"`""""` (uses `<data drive>/yb-data/master/data/certs`.)",no,"Default: '""""' (uses '<data drive>/yb-data/master/data/certs'.) Directory that contains certificate authority, private key, and certificates for this server.",docs/content/stable/reference/configuration/yb-master.md
1,Security flags,--certs_for_client_dir,--certs_for_client_dir,yes,no,,"`""""` (Use the same directory as certs_dir.)",no,"Default: '""""' (Use the same directory as certs_dir.) The directory that contains certificate authority, private key, and certificates for this server that should be used for client-to-server communications.",docs/content/stable/reference/configuration/yb-master.md
1,Security flags,--allow_insecure_connections,--allow_insecure_connections,yes,no,,true,no,Default: 'true' Allow insecure connections. Set to 'false' to prevent any process with unencrypted communication from joining a cluster. Note that this flag requires use_node_to_node_encryption to be enabled and use_client_to_server_encryption to be enabled.,docs/content/stable/reference/configuration/yb-master.md
1,Security flags,--dump_certificate_entries,--dump_certificate_entries,yes,no,,false,no,"Default: 'false' Adds certificate entries, including IP addresses and hostnames, to log for handshake error messages. Enabling this flag is helpful for debugging certificate issues.",docs/content/stable/reference/configuration/yb-master.md
1,Security flags,--use_client_to_server_encryption,--use_client_to_server_encryption,yes,no,,false,no,"Default: 'false' Use client-to-server (client-to-node) encryption to protect data in transit between YugabyteDB servers and clients, tools, and APIs.",docs/content/stable/reference/configuration/yb-master.md
1,Security flags,--use_node_to_node_encryption,--use_node_to_node_encryption,no,no,,false,no,"Enables server-server (node-to-node) encryption between YB-Master and YB-TServer servers in a cluster or universe. To work properly, all YB-TServer servers must also have their --use_node_to_node_encryption flag enabled. When enabled, --allow_insecure_connections should be set to false to disallow insecure connections. Default: 'false'",docs/content/stable/reference/configuration/yb-master.md
1,Security flags,--cipher_list,--cipher_list,yes,no,,"`""""` (empty string; library defaults apply)",no,"Default: '""""' (empty string; library defaults apply) Specify cipher lists for TLS 1.2 and earlier versions. (For TLS 1.3, use --ciphersuites.) Use a colon-separated list of TLS 1.2 cipher names in order of preference. Use an exclamation mark ( '!' ) to exclude ciphers. For example: This allows all ciphers for TLS 1.2 to be accepted, except those matching the category of ciphers omitted. This flag requires a restart or rolling restart. For more information, refer to SSL_CTX_set_cipher_list in the OpenSSL documentation.",docs/content/stable/reference/configuration/yb-master.md
1,Security flags,--ciphersuites,--ciphersuites,yes,no,,"`""""` (empty string; library defaults apply)",no,"Default: '""""' (empty string; library defaults apply) Define the available TLS 1.3 ciphersuites. For TLS 1.2 and earlier, use --cipher_list. Use a colon-separated list of TLS 1.3 ciphersuite names in order of preference. Use an exclamation mark ( ! ) to exclude ciphers. For example: This allows all ciphersuites for TLS 1.3 to be accepted, except CHACHA20 ciphers. This flag requires a restart or rolling restart. For more information, refer to SSL_CTX_set_cipher_list in the OpenSSL documentation.",docs/content/stable/reference/configuration/yb-master.md
1,Security flags,--ssl_protocols,--ssl_protocols,yes,no,,"An empty string, which is equivalent to allowing all protocols except ""ssl2"" and ""ssl3"".",no,"Default: An empty string, which is equivalent to allowing all protocols except ""ssl2"" and ""ssl3"". Specifies an explicit allow-list of TLS protocols for YugabyteDB's internal RPC communication. You can pass a comma-separated list of strings, where the strings can be one of ""ssl2"", ""ssl3"", ""tls10"", ""tls11"", ""tls12"", and ""tls13"". You can set the TLS version for node-to-node and client-node communication. To enforce TLS 1.2, set the flag to tls12 as follows: To specify a _minimum_ TLS version of 1.2, for example, the flag needs to be set to tls12, tls13, and all available subsequent versions. By default, PostgreSQL uses a default minimum version for TLS of v1.2, as set using the ssl_min_protocol_version configuration parameter.",docs/content/stable/reference/configuration/yb-master.md
1,Change data capture (CDC) flags,--cdc_state_table_num_tablets,--cdc_state_table_num_tablets,no,no,,`0` (Use the same default number of tablets as for regular tables.),no,The number of tablets to use when creating the CDC state table. Used in both xCluster and CDCSDK. Default: '0' (Use the same default number of tablets as for regular tables.),docs/content/stable/reference/configuration/yb-master.md
1,Change data capture (CDC) flags,--cdc_wal_retention_time_secs,--cdc_wal_retention_time_secs,no,no,,`28800` (8 hours),no,"WAL retention time, in seconds, to be used for tables for which a CDC stream was created. Used in both xCluster and CDCSDK. Default: '28800' (8 hours)",docs/content/stable/reference/configuration/yb-master.md
1,Change data capture (CDC) flags,--cdc_intent_retention_ms,--cdc_intent_retention_ms,no,no,,`28800000` (8 hours),no,"The time period, in milliseconds, after which the intents will be cleaned up if there is no client polling for the change records. Default: '28800000' (8 hours)",docs/content/stable/reference/configuration/yb-master.md
1,Change data capture (CDC) flags,--cdcsdk_tablet_not_of_interest_timeout_secs,--cdcsdk_tablet_not_of_interest_timeout_secs,no,no,,`14400` (4 hours),no,"Timeout after which it is inferred that a particular tablet is not of interest for CDC. To indicate that a particular tablet is of interest for CDC, it should be polled at least once within this interval of stream / slot creation. Default: '14400' (4 hours)",docs/content/stable/reference/configuration/yb-master.md
1,Change data capture (CDC) flags,--enable_tablet_split_of_cdcsdk_streamed_tables,--enable_tablet_split_of_cdcsdk_streamed_tables,no,no,,true,no,"Toggle automatic tablet splitting for tables in a CDCSDK stream, enhancing user control over replication processes. Default: 'true'",docs/content/stable/reference/configuration/yb-master.md
1,Change data capture (CDC) flags,--enable_truncate_cdcsdk_table,--enable_truncate_cdcsdk_table,no,no,,false,no,"By default, TRUNCATE commands on tables with an active CDCSDK stream will fail. Change this flag to 'true' to enable truncating tables. Default: 'false'",docs/content/stable/reference/configuration/yb-master.md
1,Change data capture (CDC) flags,--enable_tablet_split_of_replication_slot_streamed_tables,--enable_tablet_split_of_replication_slot_streamed_tables,no,no,,true,no,Toggle automatic tablet splitting for tables under replication slot. Applicable only to CDC using the PostgreSQL logical replication protocol. Default: 'true',docs/content/stable/reference/configuration/yb-master.md
1,Metric export flags,--export_help_and_type_in_prometheus_metrics,--export_help_and_type_in_prometheus_metrics,no,no,,true,no,"This flag controls whether #TYPE and #HELP information is included as part of the Prometheus metrics output by default. To override this flag on a per-scrape basis, set the URL parameter 'show_help' to 'true' to include, or to 'false' to not include type and help information.  For example, querying 'http://localhost:7000/prometheus-metrics?show_help=true' returns type and help information regardless of the setting of this flag. Default: 'true'",docs/content/stable/reference/configuration/yb-master.md
1,Metric export flags,--max_prometheus_metric_entries,--max_prometheus_metric_entries,no,no,,UINT32_MAX,no,"Introduced in version 2.21.1.0, this flag limits the number of Prometheus metric entries returned per scrape. If adding a metric with all its entities exceeds this limit, all entries from that metric are excluded. This could result in fewer entries than the set limit. To override this flag on a per-scrape basis, you can adjust the URL parameter 'max_metric_entries'. Default: 'UINT32_MAX'",docs/content/stable/reference/configuration/yb-master.md
1,Catalog flags,--ysql_enable_db_catalog_version_mode,--ysql_enable_db_catalog_version_mode,no,no,,true,no,"This flag is marked 'hidden' in the server binary, so it does not appear in autogenerated flag dumps (for example, '--dump_flags_xml' or the downloadable all-flags XML). Enable the per database catalog version mode. A DDL statement that affects the current database can only increment catalog version for that database. Default: 'true' Previously, after a DDL statement is executed, if the DDL statement increments the catalog version, then all the existing connections need to refresh catalog caches before they execute the next statement. When per database catalog version mode is enabled, multiple DDL statements can be concurrently executed if each DDL only affects its current database and is executed in a separate database. Existing connections only need to refresh their catalog caches if they are connected to",docs/content/stable/reference/configuration/yb-master.md
1,Catalog flags,--enable_heartbeat_pg_catalog_versions_cache,--enable_heartbeat_pg_catalog_versions_cache,no,no,,false,no,"Whether to enable the use of heartbeat catalog versions cache for the 'pg_yb_catalog_version' table which can help to reduce the number of reads from the table. This is beneficial when there are many databases and/or many yb-tservers in the cluster. Note that 'enable_heartbeat_pg_catalog_versions_cache' is only used when ysql_enable_db_catalog_version_mode is true. Default: 'false' Each YB-TServer regularly sends a heartbeat request to the YB-Master leader. As part of the heartbeat response, YB-Master leader reads all the rows in the table 'pg_yb_catalog_version' and sends the result back in the heartbeat response. As there is one row in the table 'pg_yb_catalog_version' for each database, the cost of reading 'table pg_yb_catalog_version' becomes more expensive when the number of YB-TServers, or the number of databases goes up.",docs/content/stable/reference/configuration/yb-master.md
1,Catalog flags,--ysql_yb_enable_invalidation_messages,--ysql_yb_enable_invalidation_messages,no,no,,true,no,"Enables YSQL backends to generate and consume invalidation messages incrementally for schema changes. When enabled (true), invalidation messages are propagated via the 'pg_yb_invalidation_messages' per-database catalog table. Details of the invalidation messages generated by a DDL are also logged when ysql_log_min_messages is set to 'DEBUG1' or when 'yb_debug_log_catcache_events' is set to true. When disabled, schema changes cause a full catalog cache refresh on existing backends, which can result in a latency and memory spike on existing YSQL backends. Default: 'true'",docs/content/stable/reference/configuration/yb-master.md
1,Auto Analyze service flags,ysql_enable_auto_analyze_service (deprecated),ysql_enable_auto_analyze_service,no,no,deprecated heading,false,no,Default: 'false' Use ysql_enable_auto_analyze on yb-tservers instead.,docs/content/stable/reference/configuration/yb-master.md
1,Advisory lock flags,--ysql_yb_enable_advisory_locks,--ysql_yb_enable_advisory_locks,no,yes,,true,no,Default: true Enables advisory locking. This value must match on all yb-master and yb-tserver configurations of a YugabyteDB cluster.,docs/content/stable/reference/configuration/yb-master.md
1,Advanced flags,--allowed_preview_flags_csv,--allowed_preview_flags_csv,yes,no,,,no,"Comma-separated values (CSV) formatted catalogue of preview feature flag names. Preview flags represent experimental or in-development features that are not yet fully supported. Flags that are tagged as ""preview"" cannot be modified or configured unless they are included in this list. By adding a flag to this list, you explicitly acknowledge and accept any potential risks or instability that may arise from modifying these preview features. This process serves as a safeguard, ensuring that you are fully aware of the experimental nature of the flags you are working with. Adding flags to this list doesn't automatically change any settings. It only _grants permission_ for the flag to be modified. You still need to configure the flag separately after adding it to this list.",docs/content/stable/reference/configuration/yb-master.md
1,Advanced flags,--ysql_index_backfill_rpc_timeout_ms,--ysql_index_backfill_rpc_timeout_ms,no,no,,60000 (1 minute),no,Deadline (in milliseconds) for each internal YB-Master to YB-TServer RPC for backfilling a chunk of the index. Default: 60000 (1 minute),docs/content/stable/reference/configuration/yb-master.md
1,Advanced flags,--hide_dead_node_threshold_mins,--hide_dead_node_threshold_mins,no,no,,1440 (1 day),no,Number of minutes to wait before no longer displaying a dead node (no heartbeat) in the YB-Master Admin UI (the node is presumed to have been removed from the cluster). Default: 1440 (1 day),docs/content/stable/reference/configuration/yb-master.md
1,Advanced flags,--ysql_enable_write_pipelining,--ysql_enable_write_pipelining,no,no,EA,false,no,"Note that this is a preview flag, so it also needs to be added to the allowed_preview_flags_csv list. This flag also needs to be enabled on YB-Tserver servers. Default: false",docs/content/stable/reference/configuration/yb-master.md
